rut,nombre,sexo,nacionalidad
35115737-2,Cai Mcneil,mujer,CHILENA
92060023-9,Stefan Allen,mujer,CHILENA
89265324-0,Naima Perez,hombre,CHILENA
27626683-7,Sabrina Gillespie,hombre,CHILENA
20789297-1,Maiya Villa,mujer,CHILENA
19410523-1,Reiss Lutz,hombre,CHILENA
53281073-6,Denise Daniel,mujer,CHILENA
59749734-2,Danyal Steele,mujer,CHILENA
38629675-8,Korban Robbins,mujer,CHILENA
64367868-3,Ameera Edwards,mujer,CHILENA
11118739-8,Ilayda Whitehouse,mujer,CHILENA
70366259-5,Camron Chaney,hombre,CHILENA
82254885-7,Thierry Hurley,mujer,CHILENA
10339840-1,Pola Finney,mujer,CHILENA
45624249-9,Janine Keller,hombre,CHILENA
31359212-k,Leanne Weeks,hombre,CHILENA
87624695-3,Ajwa Daly,mujer,CHILENA
73454838-3,Princess Guest,mujer,CHILENA
12920124-k,Frances Corrigan,mujer,CHILENA
50942616-3,Kierran Stanton,hombre,CHILENA
96828461-4,Mahnoor Legge,hombre,CHILENA
35340502-0,Miller Fletcher,hombre,CHILENA
83330704-5,Clarke Mcloughlin,hombre,CHILENA
38578737-5,Cally Hopper,mujer,CHILENA
59129614-0,Maude Arnold,hombre,CHILENA
50814284-6,Rahul Finley,hombre,CHILENA
15333675-k,Thierry Shaw,mujer,CHILENA
84327091-3,Isabell Goodwin,hombre,CHILENA
94362008-3,Ralphy Phan,hombre,CHILENA
54122700-8,Samad Neville,mujer,CHILENA
45856781-6,Roseanne Nguyen,mujer,CHILENA
90471139-k,Abubakar Bowler,mujer,CHILENA
25450277-4,Maariya Enriquez,hombre,CHILENA
88408240-4,Matias Strickland,hombre,CHILENA
14200344-9,Linzi Wong,mujer,CHILENA
41775238-2,Ella-Mai Butt,mujer,CHILENA
58963604-k,Ranveer Cope,mujer,CHILENA
25696685-9,Brandy Ponce,mujer,CHILENA
37797879-k,Homer Jacobson,mujer,CHILENA
43329730-k,Lily-Rose Wharton,mujer,CHILENA
23494123-2,Trey Saunders,hombre,CHILENA
23686910-5,Gaia Pearson,mujer,CHILENA
21016824-9,Akeem Odonnell,hombre,CHILENA
99302343-4,Harlow Woods,hombre,CHILENA
18984900-1,Musa Myers,hombre,CHILENA
52698782-9,Freddy Simons,hombre,CHILENA
77191435-7,Maisy Bright,hombre,CHILENA
90730270-9,Kamran Santos,hombre,CHILENA
37285914-8,Kaeden Knapp,mujer,CHILENA
14408869-7,Haleemah Baxter,mujer,CHILENA
46531952-6,Ayomide Mosley,mujer,CHILENA
44626695-0,Claudia Avery,hombre,CHILENA
61993529-2,Bronwyn Orozco,mujer,CHILENA
91258242-6,Xander Simmonds,hombre,CHILENA
79348268-k,Huw Lewis,hombre,CHILENA
31194216-6,Marnie Macfarlane,mujer,CHILENA
63968995-6,Waleed Aguirre,hombre,CHILENA
76762441-7,Belinda Chamberlain,hombre,CHILENA
67314332-6,Luther Simon,mujer,CHILENA
75910499-4,Jacques Carter,mujer,CHILENA
54121962-5,Patryk Enriquez,hombre,CHILENA
42714709-6,Mikayla Hume,mujer,CHILENA
36600416-5,Suranne Byrd,hombre,CHILENA
26249833-6,Lance Weber,mujer,CHILENA
48007583-8,Skye Gray,mujer,CHILENA
14585428-8,Lemar Cullen,hombre,CHILENA
34975310-3,Shahzaib Espinoza,mujer,CHILENA
58038177-4,Mariah Wyatt,hombre,CHILENA
48592540-6,Cari Welch,mujer,CHILENA
16943787-4,Che Partridge,mujer,CHILENA
12969098-4,India Camacho,mujer,CHILENA
23711490-6,Tatiana Williams,mujer,CHILENA
72018152-5,Aimie Sears,hombre,CHILENA
88667817-7,Nevaeh Gill,mujer,CHILENA
47121914-2,Tayyib Davila,mujer,CHILENA
34823992-9,Shane Kelly,mujer,CHILENA
10537138-1,Winston Castro,mujer,CHILENA
79974368-k,Nathaniel Rivas,mujer,CHILENA
45026733-3,Vincenzo Preece,mujer,CHILENA
92244003-4,Amber-Rose Wardle,hombre,CHILENA
50319391-4,Arianna Vazquez,mujer,CHILENA
69767927-8,Annaliese Mckinney,hombre,CHILENA
98357275-8,Asiya Short,hombre,CHILENA
41966463-4,Nigel Dickens,mujer,CHILENA
35155157-7,Ariadne Hibbert,mujer,CHILENA
65485230-8,Manisha Stephens,mujer,CHILENA
95423202-6,Siyana Ballard,hombre,CHILENA
80640357-1,Jose Farrell,hombre,CHILENA
54480341-7,Keaton Mccall,hombre,CHILENA
56744324-8,Alicja Magana,mujer,CHILENA
32153494-5,Khadija Dalby,mujer,CHILENA
13863556-2,Mohamed Mcclain,hombre,CHILENA
49552236-9,Rebecca Sheehan,hombre,CHILENA
44372095-2,Rhydian Keeling,mujer,CHILENA
60727093-7,Kaleem Hill,hombre,CHILENA
33461512-k,Jonny Newton,mujer,CHILENA
81203114-7,Ava Gilbert,mujer,CHILENA
60926655-4,Elissa Schmidt,mujer,CHILENA
99837067-1,Charlie Rahman,mujer,CHILENA
92390198-1,Asha Guthrie,hombre,CHILENA
34996262-4,Derrick Fritz,mujer,CHILENA
35414863-3,Carolina Gomez,hombre,CHILENA
88107942-9,Zac Mcgill,mujer,CHILENA
73026642-1,Layton Hodge,mujer,CHILENA
22150901-3,Gerrard Ho,mujer,CHILENA
67753422-2,Deanne Villarreal,mujer,CHILENA
98661210-6,Emillie Frye,hombre,CHILENA
12957899-8,Milena Bright,hombre,CHILENA
25919808-9,Junior Bryant,mujer,CHILENA
12205074-2,Rodney Woodcock,hombre,CHILENA
29637564-0,Lennox Mcculloch,mujer,CHILENA
41325900-2,Esme-Rose Wicks,hombre,CHILENA
38100857-6,Hashir Hendricks,mujer,CHILENA
46805723-9,Harvie Bonilla,mujer,CHILENA
82533150-6,Aryan Hastings,hombre,CHILENA
89477804-0,Jaiden Sampson,mujer,CHILENA
95199785-4,Mea Dorsey,hombre,CHILENA
89751595-4,Cheyanne Petersen,mujer,CHILENA
54546935-9,Billie Kaur,mujer,CHILENA
59105378-7,Ayaan Bass,hombre,CHILENA
66976509-6,Ricardo Devine,mujer,CHILENA
70368495-5,Humairaa Knights,mujer,CHILENA
18902520-3,Gregg Douglas,mujer,CHILENA
97632307-6,Karina Morgan,hombre,CHILENA
80228379-2,Aisling Chaney,mujer,CHILENA
87371798-k,Kaiya Huerta,mujer,CHILENA
41659296-9,Ivy-Rose Mcclure,mujer,CHILENA
15955355-8,Yunus Galloway,mujer,CHILENA
53383454-k,Reya Bruce,mujer,CHILENA
40161573-3,Sakina Stewart,hombre,CHILENA
26135720-8,Olivia-Mae Hicks,hombre,CHILENA
30991735-9,Imran Senior,mujer,CHILENA
54363208-2,Arissa Webb,hombre,CHILENA
48996426-0,Karter Swan,hombre,CHILENA
49628420-8,Taiba Richmond,mujer,CHILENA
48269008-4,Mimi Harris,hombre,CHILENA
91957637-5,Keagan Hope,hombre,CHILENA
37780063-k,Ariyan Patel,hombre,CHILENA
44604413-3,Christie Zavala,mujer,CHILENA
40597717-6,Jardel Keith,hombre,CHILENA
88732812-9,Dante Nava,mujer,CHILENA
58648727-2,Asmaa Allman,hombre,CHILENA
12177977-3,Billy-Joe Ward,hombre,CHILENA
37630974-6,Frederic Brooks,mujer,CHILENA
52189199-8,Xavier Stuart,hombre,CHILENA
40644356-6,Kajal Short,hombre,CHILENA
75020925-4,Tasmin Crossley,hombre,CHILENA
37376941-k,Anis Cohen,hombre,CHILENA
97163657-2,Ashlyn Finch,mujer,CHILENA
29004298-4,Dainton Pratt,mujer,CHILENA
53087333-1,Zunairah Mcgee,mujer,CHILENA
76362168-5,Tudor Proctor,mujer,CHILENA
69691126-6,Yash Wallace,mujer,CHILENA
23047484-2,Karol Knights,mujer,CHILENA
49641463-2,Becky Strickland,hombre,CHILENA
64501886-9,Jake Hatfield,hombre,CHILENA
42494071-2,Karis Downes,mujer,CHILENA
78301240-5,Harvey-Lee Burch,mujer,CHILENA
96213582-k,Priya Oneil,mujer,CHILENA
17341224-k,Calista Cummings,mujer,CHILENA
96735305-1,Isabell Hogan,hombre,CHILENA
83029887-8,Allison Costa,mujer,CHILENA
70551235-3,Cora Camacho,mujer,CHILENA
71389826-0,Ahsan Flynn,hombre,CHILENA
75397524-1,Clayton Mckenna,mujer,CHILENA
67902197-4,Junayd Andersen,hombre,CHILENA
84593882-2,Toby Petty,hombre,CHILENA
81881771-1,Piotr Glenn,mujer,CHILENA
57181678-4,Ace Stephenson,mujer,CHILENA
14495790-3,Robyn Hyde,hombre,CHILENA
58378678-3,Rita Kouma,hombre,CHILENA
94559048-3,Frances Hartman,mujer,CHILENA
28673876-1,Darryl Carlson,hombre,CHILENA
69822376-6,Lori Forrest,hombre,CHILENA
11904025-6,Chandni Stanton,mujer,CHILENA
24927693-6,Haider Hines,hombre,CHILENA
77484278-0,Amba Crane,mujer,CHILENA
44973013-5,Margaux Cleveland,hombre,CHILENA
24655915-5,Evan Haas,hombre,CHILENA
15795964-6,Luqman Marks,mujer,CHILENA
92946711-6,Denis Mann,mujer,CHILENA
11123767-0,Annabelle Mullins,hombre,CHILENA
58812264-6,Leigha Chavez,hombre,CHILENA
26849996-2,Fahad Diaz,hombre,CHILENA
52158784-9,Irfan Britton,hombre,CHILENA
79725852-0,Jobe Reyes,hombre,CHILENA
35806868-5,Asma Brook,mujer,CHILENA
70433997-6,Roosevelt Charlton,mujer,CHILENA
60747994-1,John-James Burton,hombre,CHILENA
32086803-3,Hadley Acosta,mujer,CHILENA
95711978-6,Kymani Rahman,hombre,CHILENA
32359787-1,Jasper Harvey,mujer,CHILENA
50728559-7,Caitlan Whitehouse,mujer,CHILENA
93591226-1,Lola-Mae Whittaker,hombre,CHILENA
54593722-0,Nathaniel Mcgill,hombre,CHILENA
17611254-9,Hamaad Barajas,hombre,CHILENA
93176945-6,Liyah Cooper,hombre,CHILENA
13947632-8,Ammaar Carty,hombre,CHILENA
71316667-7,Luca Foley,mujer,CHILENA
90494178-6,Humayra Palacios,hombre,CHILENA
78413522-5,Harlan Goodman,hombre,CHILENA
52258791-5,Isaac Fleming,mujer,CHILENA
91346186-k,Haidar Moreno,hombre,CHILENA
75129314-3,Ziva Langley,hombre,CHILENA
10927357-0,Vickie Clifford,mujer,CHILENA
42868972-0,Harry Hood,mujer,CHILENA
45273848-1,Nasir Jenkins,hombre,CHILENA
34039148-9,Sonnie Pugh,mujer,CHILENA
68147125-1,Lily-Mae O'Quinn,hombre,CHILENA
80558312-6,Suzanna Romero,hombre,CHILENA
22249624-1,Olivia-Rose Fuentes,hombre,CHILENA
52792841-9,Maia Glover,mujer,CHILENA
56405384-8,Shayaan Watkins,hombre,CHILENA
13370165-6,Montgomery Cornish,hombre,CHILENA
66714421-3,Tiffany Cantu,hombre,CHILENA
60456055-1,Ayana Portillo,mujer,CHILENA
